<?xml version="1.0" encoding="UTF-8"?>
<!-- IMPORTANT: This is an internal file that has been generated
     by the Xilinx ISE software.  Any direct editing or
     changes made to this file may result in unpredictable
     behavior or data corruption.  It is strongly advised that
     users do not edit the contents of this file. -->
<DeviceUsageSummary rev="8">
<DesignStatistics TimeStamp="Fri Jul 13 19:18:10 2012"><group name="NetStatistics">
<item name="NumNets_Active" rev="8">
<attrib name="value" value="3947"/></item>
<item name="NumNets_Gnd" rev="8">
<attrib name="value" value="1"/></item>
<item name="NumNets_Vcc" rev="8">
<attrib name="value" value="1"/></item>
<item name="NumNodesOfType_Active_BRAMADDR" rev="8">
<attrib name="value" value="26"/></item>
<item name="NumNodesOfType_Active_BRAMDUMMY" rev="8">
<attrib name="value" value="92"/></item>
<item name="NumNodesOfType_Active_CLKPIN" rev="8">
<attrib name="value" value="1254"/></item>
<item name="NumNodesOfType_Active_CNTRLPIN" rev="8">
<attrib name="value" value="1410"/></item>
<item name="NumNodesOfType_Active_DOUBLE" rev="8">
<attrib name="value" value="5847"/></item>
<item name="NumNodesOfType_Active_DUMMY" rev="8">
<attrib name="value" value="7115"/></item>
<item name="NumNodesOfType_Active_DUMMYBANK" rev="8">
<attrib name="value" value="52"/></item>
<item name="NumNodesOfType_Active_DUMMYESC" rev="8">
<attrib name="value" value="47"/></item>
<item name="NumNodesOfType_Active_GLOBAL" rev="8">
<attrib name="value" value="245"/></item>
<item name="NumNodesOfType_Active_HFULLHEX" rev="8">
<attrib name="value" value="206"/></item>
<item name="NumNodesOfType_Active_HLONG" rev="8">
<attrib name="value" value="41"/></item>
<item name="NumNodesOfType_Active_HUNIHEX" rev="8">
<attrib name="value" value="1428"/></item>
<item name="NumNodesOfType_Active_INPUT" rev="8">
<attrib name="value" value="8803"/></item>
<item name="NumNodesOfType_Active_IOBOUTPUT" rev="8">
<attrib name="value" value="46"/></item>
<item name="NumNodesOfType_Active_OMUX" rev="8">
<attrib name="value" value="3754"/></item>
<item name="NumNodesOfType_Active_OUTPUT" rev="8">
<attrib name="value" value="3779"/></item>
<item name="NumNodesOfType_Active_PREBXBY" rev="8">
<attrib name="value" value="2917"/></item>
<item name="NumNodesOfType_Active_VFULLHEX" rev="8">
<attrib name="value" value="516"/></item>
<item name="NumNodesOfType_Active_VLONG" rev="8">
<attrib name="value" value="130"/></item>
<item name="NumNodesOfType_Active_VUNIHEX" rev="8">
<attrib name="value" value="817"/></item>
<item name="NumNodesOfType_Gnd_BRAMADDR" rev="8">
<attrib name="value" value="5"/></item>
<item name="NumNodesOfType_Gnd_BRAMDUMMY" rev="8">
<attrib name="value" value="85"/></item>
<item name="NumNodesOfType_Gnd_CNTRLPIN" rev="8">
<attrib name="value" value="9"/></item>
<item name="NumNodesOfType_Gnd_DOUBLE" rev="8">
<attrib name="value" value="23"/></item>
<item name="NumNodesOfType_Gnd_DUMMYBANK" rev="8">
<attrib name="value" value="19"/></item>
<item name="NumNodesOfType_Gnd_HFULLHEX" rev="8">
<attrib name="value" value="1"/></item>
<item name="NumNodesOfType_Gnd_INPUT" rev="8">
<attrib name="value" value="114"/></item>
<item name="NumNodesOfType_Gnd_OMUX" rev="8">
<attrib name="value" value="47"/></item>
<item name="NumNodesOfType_Gnd_OUTPUT" rev="8">
<attrib name="value" value="33"/></item>
<item name="NumNodesOfType_Gnd_PREBXBY" rev="8">
<attrib name="value" value="17"/></item>
<item name="NumNodesOfType_Vcc_BRAMDUMMY" rev="8">
<attrib name="value" value="12"/></item>
<item name="NumNodesOfType_Vcc_CNTRLPIN" rev="8">
<attrib name="value" value="4"/></item>
<item name="NumNodesOfType_Vcc_INPUT" rev="8">
<attrib name="value" value="32"/></item>
<item name="NumNodesOfType_Vcc_PREBXBY" rev="8">
<attrib name="value" value="17"/></item>
<item name="NumNodesOfType_Vcc_VCCOUT" rev="8">
<attrib name="value" value="26"/></item>
</group>
<group name="MiscellaneousStatistics">
<item name="AGG_BONDED_IO" rev="7">
<attrib name="value" value="124"/></item>
<item name="AGG_IO" rev="7">
<attrib name="value" value="124"/></item>
<item name="AGG_SLICE" rev="7">
<attrib name="value" value="1736"/></item>
<item name="NUM_4_INPUT_LUT" rev="7">
<attrib name="value" value="2486"/></item>
<item name="NUM_BONDED_IOB" rev="7">
<attrib name="value" value="124"/></item>
<item name="NUM_BUFGMUX" rev="7">
<attrib name="value" value="2"/></item>
<item name="NUM_CYMUX" rev="7">
<attrib name="value" value="991"/></item>
<item name="NUM_LUT_RT" rev="7">
<attrib name="value" value="174"/></item>
<item name="NUM_MULT18X18" rev="7">
<attrib name="value" value="4"/></item>
<item name="NUM_MULTAND" rev="7">
<attrib name="value" value="20"/></item>
<item name="NUM_RAMB16" rev="7">
<attrib name="value" value="2"/></item>
<item name="NUM_SLICEL" rev="7">
<attrib name="value" value="1736"/></item>
<item name="NUM_SLICE_FF" rev="7">
<attrib name="value" value="2201"/></item>
<item name="NUM_XOR" rev="7">
<attrib name="value" value="950"/></item>
<item name="Xilinx Core blkmemdp_v6_1, Coregen 7.1i" rev="7">
<attrib name="value" value="1"/></item>
<item name="Xilinx Core blkmemsp_v6_1, Coregen 7.1i" rev="7">
<attrib name="value" value="1"/></item>
<item name="Xilinx Core sdivider_v3_0, Coregen 7.1i" rev="7">
<attrib name="value" value="1"/></item>
</group>
<group name="SiteStatistics">
<item name="IOB-DIFFM" rev="8">
<attrib name="value" value="55"/></item>
<item name="IOB-DIFFS" rev="8">
<attrib name="value" value="61"/></item>
<item name="SLICEL-SLICEM" rev="8">
<attrib name="value" value="863"/></item>
</group>
</DesignStatistics>
<DeviceUsage TimeStamp="Fri Jul 13 19:18:10 2012"><group name="SiteSummary">
<item name="BUFGMUX" rev="8">
<attrib name="total" value="1000000"/><attrib name="used" value="2"/></item>
<item name="BUFGMUX_GCLKMUX" rev="8">
<attrib name="total" value="1000000"/><attrib name="used" value="2"/></item>
<item name="BUFGMUX_GCLK_BUFFER" rev="8">
<attrib name="total" value="1000000"/><attrib name="used" value="2"/></item>
<item name="IOB" rev="8">
<attrib name="total" value="1000000"/><attrib name="used" value="124"/></item>
<item name="IOB_INBUF" rev="8">
<attrib name="total" value="1000000"/><attrib name="used" value="50"/></item>
<item name="IOB_OUTBUF" rev="8">
<attrib name="total" value="1000000"/><attrib name="used" value="106"/></item>
<item name="IOB_PAD" rev="8">
<attrib name="total" value="1000000"/><attrib name="used" value="124"/></item>
<item name="MULT18X18" rev="8">
<attrib name="total" value="1000000"/><attrib name="used" value="4"/></item>
<item name="MULT18X18_BLACKBOX" rev="8">
<attrib name="total" value="1000000"/><attrib name="used" value="4"/></item>
<item name="RAMB16" rev="8">
<attrib name="total" value="1000000"/><attrib name="used" value="2"/></item>
<item name="RAMB16_RAMB16" rev="8">
<attrib name="total" value="1000000"/><attrib name="used" value="2"/></item>
<item name="RAMB16_RAMB16A" rev="8">
<attrib name="total" value="1000000"/><attrib name="used" value="2"/></item>
<item name="RAMB16_RAMB16B" rev="8">
<attrib name="total" value="1000000"/><attrib name="used" value="1"/></item>
<item name="SLICEL" rev="8">
<attrib name="total" value="1000000"/><attrib name="used" value="1736"/></item>
<item name="SLICEL_C1VDD" rev="8">
<attrib name="total" value="1000000"/><attrib name="used" value="39"/></item>
<item name="SLICEL_C2VDD" rev="8">
<attrib name="total" value="1000000"/><attrib name="used" value="29"/></item>
<item name="SLICEL_CYMUXF" rev="8">
<attrib name="total" value="1000000"/><attrib name="used" value="503"/></item>
<item name="SLICEL_CYMUXG" rev="8">
<attrib name="total" value="1000000"/><attrib name="used" value="488"/></item>
<item name="SLICEL_F" rev="8">
<attrib name="total" value="1000000"/><attrib name="used" value="1263"/></item>
<item name="SLICEL_F5MUX" rev="8">
<attrib name="total" value="1000000"/><attrib name="used" value="128"/></item>
<item name="SLICEL_F6MUX" rev="8">
<attrib name="total" value="1000000"/><attrib name="used" value="2"/></item>
<item name="SLICEL_FAND" rev="8">
<attrib name="total" value="1000000"/><attrib name="used" value="11"/></item>
<item name="SLICEL_FFX" rev="8">
<attrib name="total" value="1000000"/><attrib name="used" value="1169"/></item>
<item name="SLICEL_FFY" rev="8">
<attrib name="total" value="1000000"/><attrib name="used" value="1032"/></item>
<item name="SLICEL_G" rev="8">
<attrib name="total" value="1000000"/><attrib name="used" value="1223"/></item>
<item name="SLICEL_GAND" rev="8">
<attrib name="total" value="1000000"/><attrib name="used" value="9"/></item>
<item name="SLICEL_GNDF" rev="8">
<attrib name="total" value="1000000"/><attrib name="used" value="112"/></item>
<item name="SLICEL_GNDG" rev="8">
<attrib name="total" value="1000000"/><attrib name="used" value="111"/></item>
<item name="SLICEL_VDDF" rev="8">
<attrib name="total" value="1000000"/><attrib name="used" value="7"/></item>
<item name="SLICEL_VDDG" rev="8">
<attrib name="total" value="1000000"/><attrib name="used" value="7"/></item>
<item name="SLICEL_XORF" rev="8">
<attrib name="total" value="1000000"/><attrib name="used" value="491"/></item>
<item name="SLICEL_XORG" rev="8">
<attrib name="total" value="1000000"/><attrib name="used" value="459"/></item>
</group>
</DeviceUsage>
<ReportConfigData TimeStamp="Fri Jul 13 19:18:10 2012"><group name="SLICEL">
<item name="BX" rev="8">
<attrib name="BX_INV" value="36"/><attrib name="BX" value="568"/></item>
<item name="BY" rev="8">
<attrib name="BY" value="443"/><attrib name="BY_INV" value="5"/></item>
<item name="CE" rev="8">
<attrib name="CE" value="188"/><attrib name="CE_INV" value="0"/></item>
<item name="CIN" rev="8">
<attrib name="CIN_INV" value="0"/><attrib name="CIN" value="483"/></item>
<item name="CLK" rev="8">
<attrib name="CLK" value="1251"/><attrib name="CLK_INV" value="0"/></item>
<item name="SR" rev="8">
<attrib name="SR" value="956"/><attrib name="SR_INV" value="201"/></item>
</group>
<group name="RAMB16">
<item name="CLKA" rev="8">
<attrib name="CLKA_INV" value="0"/><attrib name="CLKA" value="2"/></item>
<item name="CLKB" rev="8">
<attrib name="CLKB_INV" value="0"/><attrib name="CLKB" value="1"/></item>
<item name="ENA" rev="8">
<attrib name="ENA_INV" value="1"/><attrib name="ENA" value="1"/></item>
<item name="ENB" rev="8">
<attrib name="ENB_INV" value="0"/><attrib name="ENB" value="1"/></item>
<item name="SSRA" rev="8">
<attrib name="SSRA_INV" value="0"/><attrib name="SSRA" value="2"/></item>
<item name="SSRB" rev="8">
<attrib name="SSRB_INV" value="0"/><attrib name="SSRB" value="1"/></item>
<item name="WEA" rev="8">
<attrib name="WEA" value="1"/><attrib name="WEA_INV" value="1"/></item>
<item name="WEB" rev="8">
<attrib name="WEB" value="1"/><attrib name="WEB_INV" value="0"/></item>
</group>
<group name="IOB_OUTBUF">
<item name="IN" rev="8">
<attrib name="IN_INV" value="0"/><attrib name="IN" value="106"/></item>
<item name="TRI" rev="8">
<attrib name="TRI_INV" value="0"/><attrib name="TRI" value="36"/></item>
</group>
<group name="SLICEL_CYMUXF">
<item name="0" rev="8">
<attrib name="0" value="496"/><attrib name="0_INV" value="0"/></item>
<item name="1" rev="8">
<attrib name="1_INV" value="31"/><attrib name="1" value="472"/></item>
</group>
<group name="SLICEL_CYMUXG">
<item name="0" rev="8">
<attrib name="0" value="481"/><attrib name="0_INV" value="0"/></item>
</group>
<group name="BUFGMUX_GCLKMUX">
<item name="DISABLE_ATTR" rev="8">
<attrib name="LOW" value="2"/></item>
<item name="S" rev="8">
<attrib name="S_INV" value="2"/><attrib name="S" value="0"/></item>
</group>
<group name="SLICEL_FFX">
<item name="CE" rev="8">
<attrib name="CE" value="174"/><attrib name="CE_INV" value="0"/></item>
<item name="CK" rev="8">
<attrib name="CK" value="1169"/><attrib name="CK_INV" value="0"/></item>
<item name="D" rev="8">
<attrib name="D" value="1164"/><attrib name="D_INV" value="5"/></item>
<item name="FFX_INIT_ATTR" rev="8">
<attrib name="INIT0" value="763"/><attrib name="INIT1" value="406"/></item>
<item name="FFX_SR_ATTR" rev="8">
<attrib name="SRLOW" value="763"/><attrib name="SRHIGH" value="406"/></item>
<item name="LATCH_OR_FF" rev="8">
<attrib name="FF" value="1169"/></item>
<item name="REV" rev="8">
<attrib name="REV_INV" value="0"/><attrib name="REV" value="8"/></item>
<item name="SR" rev="8">
<attrib name="SR" value="917"/><attrib name="SR_INV" value="165"/></item>
<item name="SYNC_ATTR" rev="8">
<attrib name="ASYNC" value="1156"/><attrib name="SYNC" value="13"/></item>
</group>
<group name="SLICEL_XORF">
<item name="1" rev="8">
<attrib name="1_INV" value="30"/><attrib name="1" value="461"/></item>
</group>
<group name="SLICEL_FFY">
<item name="CE" rev="8">
<attrib name="CE" value="132"/><attrib name="CE_INV" value="0"/></item>
<item name="CK" rev="8">
<attrib name="CK" value="1032"/><attrib name="CK_INV" value="0"/></item>
<item name="D" rev="8">
<attrib name="D" value="1027"/><attrib name="D_INV" value="5"/></item>
<item name="FFY_INIT_ATTR" rev="8">
<attrib name="INIT0" value="622"/><attrib name="INIT1" value="410"/></item>
<item name="FFY_SR_ATTR" rev="8">
<attrib name="SRLOW" value="621"/><attrib name="SRHIGH" value="411"/></item>
<item name="LATCH_OR_FF" rev="8">
<attrib name="FF" value="1032"/></item>
<item name="SR" rev="8">
<attrib name="SR" value="822"/><attrib name="SR_INV" value="154"/></item>
<item name="SYNC_ATTR" rev="8">
<attrib name="ASYNC" value="1015"/><attrib name="SYNC" value="17"/></item>
</group>
<group name="RAMB16_RAMB16A">
<item name="CLKA" rev="8">
<attrib name="CLKA_INV" value="0"/><attrib name="CLKA" value="2"/></item>
<item name="ENA" rev="8">
<attrib name="ENA_INV" value="1"/><attrib name="ENA" value="1"/></item>
<item name="PORTA_ATTR" rev="8">
<attrib name="512X36" value="1"/><attrib name="2048X9" value="1"/></item>
<item name="SSRA" rev="8">
<attrib name="SSRA_INV" value="0"/><attrib name="SSRA" value="2"/></item>
<item name="WEA" rev="8">
<attrib name="WEA" value="1"/><attrib name="WEA_INV" value="1"/></item>
<item name="WRITEMODEA" rev="8">
<attrib name="NO_CHANGE" value="2"/></item>
</group>
<group name="SLICEL_F6MUX">
<item name="S0" rev="8">
<attrib name="S0" value="2"/><attrib name="S0_INV" value="0"/></item>
</group>
<group name="RAMB16_RAMB16B">
<item name="CLKB" rev="8">
<attrib name="CLKB_INV" value="0"/><attrib name="CLKB" value="1"/></item>
<item name="ENB" rev="8">
<attrib name="ENB_INV" value="0"/><attrib name="ENB" value="1"/></item>
<item name="PORTB_ATTR" rev="8">
<attrib name="2048X9" value="1"/></item>
<item name="SSRB" rev="8">
<attrib name="SSRB_INV" value="0"/><attrib name="SSRB" value="1"/></item>
<item name="WEB" rev="8">
<attrib name="WEB" value="1"/><attrib name="WEB_INV" value="0"/></item>
<item name="WRITEMODEB" rev="8">
<attrib name="WRITE_FIRST" value="1"/></item>
</group>
<group name="IOB_PAD">
<item name="DRIVEATTRBOX" rev="8">
<attrib name="12" value="106"/></item>
<item name="IOATTRBOX" rev="8">
<attrib name="LVCMOS25" value="124"/></item>
<item name="SLEW" rev="8">
<attrib name="SLOW" value="106"/></item>
</group>
<group name="IOB">
<item name="O1" rev="8">
<attrib name="O1_INV" value="0"/><attrib name="O1" value="106"/></item>
<item name="T1" rev="8">
<attrib name="T1_INV" value="0"/><attrib name="T1" value="36"/></item>
</group>
<group name="BUFGMUX">
<item name="S" rev="8">
<attrib name="S_INV" value="2"/><attrib name="S" value="0"/></item>
</group>
<group name="SLICEL_F5MUX">
<item name="S0" rev="8">
<attrib name="S0" value="128"/><attrib name="S0_INV" value="0"/></item>
</group>
</ReportConfigData>
<ReportPinData TimeStamp="Fri Jul 13 19:18:10 2012"><group name="SLICEL">
<item name="BX" rev="8">
<attrib name="value" value="604"/></item>
<item name="BY" rev="8">
<attrib name="value" value="448"/></item>
<item name="CE" rev="8">
<attrib name="value" value="188"/></item>
<item name="CIN" rev="8">
<attrib name="value" value="483"/></item>
<item name="CLK" rev="8">
<attrib name="value" value="1251"/></item>
<item name="COUT" rev="8">
<attrib name="value" value="488"/></item>
<item name="F1" rev="8">
<attrib name="value" value="1243"/></item>
<item name="F2" rev="8">
<attrib name="value" value="1129"/></item>
<item name="F3" rev="8">
<attrib name="value" value="782"/></item>
<item name="F4" rev="8">
<attrib name="value" value="487"/></item>
<item name="F5" rev="8">
<attrib name="value" value="4"/></item>
<item name="FXINA" rev="8">
<attrib name="value" value="2"/></item>
<item name="FXINB" rev="8">
<attrib name="value" value="2"/></item>
<item name="G1" rev="8">
<attrib name="value" value="1202"/></item>
<item name="G2" rev="8">
<attrib name="value" value="1088"/></item>
<item name="G3" rev="8">
<attrib name="value" value="747"/></item>
<item name="G4" rev="8">
<attrib name="value" value="435"/></item>
<item name="SR" rev="8">
<attrib name="value" value="1157"/></item>
<item name="X" rev="8">
<attrib name="value" value="491"/></item>
<item name="XB" rev="8">
<attrib name="value" value="3"/></item>
<item name="XQ" rev="8">
<attrib name="value" value="1169"/></item>
<item name="Y" rev="8">
<attrib name="value" value="461"/></item>
<item name="YQ" rev="8">
<attrib name="value" value="1032"/></item>
</group>
<group name="RAMB16">
<item name="ADDRA10" rev="8">
<attrib name="value" value="2"/></item>
<item name="ADDRA11" rev="8">
<attrib name="value" value="2"/></item>
<item name="ADDRA12" rev="8">
<attrib name="value" value="2"/></item>
<item name="ADDRA13" rev="8">
<attrib name="value" value="2"/></item>
<item name="ADDRA3" rev="8">
<attrib name="value" value="1"/></item>
<item name="ADDRA4" rev="8">
<attrib name="value" value="1"/></item>
<item name="ADDRA5" rev="8">
<attrib name="value" value="2"/></item>
<item name="ADDRA6" rev="8">
<attrib name="value" value="2"/></item>
<item name="ADDRA7" rev="8">
<attrib name="value" value="2"/></item>
<item name="ADDRA8" rev="8">
<attrib name="value" value="2"/></item>
<item name="ADDRA9" rev="8">
<attrib name="value" value="2"/></item>
<item name="ADDRB10" rev="8">
<attrib name="value" value="1"/></item>
<item name="ADDRB11" rev="8">
<attrib name="value" value="1"/></item>
<item name="ADDRB12" rev="8">
<attrib name="value" value="1"/></item>
<item name="ADDRB13" rev="8">
<attrib name="value" value="1"/></item>
<item name="ADDRB3" rev="8">
<attrib name="value" value="1"/></item>
<item name="ADDRB4" rev="8">
<attrib name="value" value="1"/></item>
<item name="ADDRB5" rev="8">
<attrib name="value" value="1"/></item>
<item name="ADDRB6" rev="8">
<attrib name="value" value="1"/></item>
<item name="ADDRB7" rev="8">
<attrib name="value" value="1"/></item>
<item name="ADDRB8" rev="8">
<attrib name="value" value="1"/></item>
<item name="ADDRB9" rev="8">
<attrib name="value" value="1"/></item>
<item name="CLKA" rev="8">
<attrib name="value" value="2"/></item>
<item name="CLKB" rev="8">
<attrib name="value" value="1"/></item>
<item name="DIA0" rev="8">
<attrib name="value" value="2"/></item>
<item name="DIA1" rev="8">
<attrib name="value" value="2"/></item>
<item name="DIA10" rev="8">
<attrib name="value" value="1"/></item>
<item name="DIA11" rev="8">
<attrib name="value" value="1"/></item>
<item name="DIA12" rev="8">
<attrib name="value" value="1"/></item>
<item name="DIA13" rev="8">
<attrib name="value" value="1"/></item>
<item name="DIA14" rev="8">
<attrib name="value" value="1"/></item>
<item name="DIA15" rev="8">
<attrib name="value" value="1"/></item>
<item name="DIA16" rev="8">
<attrib name="value" value="1"/></item>
<item name="DIA17" rev="8">
<attrib name="value" value="1"/></item>
<item name="DIA18" rev="8">
<attrib name="value" value="1"/></item>
<item name="DIA19" rev="8">
<attrib name="value" value="1"/></item>
<item name="DIA2" rev="8">
<attrib name="value" value="2"/></item>
<item name="DIA20" rev="8">
<attrib name="value" value="1"/></item>
<item name="DIA21" rev="8">
<attrib name="value" value="1"/></item>
<item name="DIA22" rev="8">
<attrib name="value" value="1"/></item>
<item name="DIA23" rev="8">
<attrib name="value" value="1"/></item>
<item name="DIA24" rev="8">
<attrib name="value" value="1"/></item>
<item name="DIA25" rev="8">
<attrib name="value" value="1"/></item>
<item name="DIA26" rev="8">
<attrib name="value" value="1"/></item>
<item name="DIA27" rev="8">
<attrib name="value" value="1"/></item>
<item name="DIA28" rev="8">
<attrib name="value" value="1"/></item>
<item name="DIA29" rev="8">
<attrib name="value" value="1"/></item>
<item name="DIA3" rev="8">
<attrib name="value" value="2"/></item>
<item name="DIA30" rev="8">
<attrib name="value" value="1"/></item>
<item name="DIA31" rev="8">
<attrib name="value" value="1"/></item>
<item name="DIA4" rev="8">
<attrib name="value" value="2"/></item>
<item name="DIA5" rev="8">
<attrib name="value" value="2"/></item>
<item name="DIA6" rev="8">
<attrib name="value" value="2"/></item>
<item name="DIA7" rev="8">
<attrib name="value" value="2"/></item>
<item name="DIA8" rev="8">
<attrib name="value" value="1"/></item>
<item name="DIA9" rev="8">
<attrib name="value" value="1"/></item>
<item name="DIPA0" rev="8">
<attrib name="value" value="2"/></item>
<item name="DIPA1" rev="8">
<attrib name="value" value="1"/></item>
<item name="DIPA2" rev="8">
<attrib name="value" value="1"/></item>
<item name="DIPA3" rev="8">
<attrib name="value" value="1"/></item>
<item name="DOA0" rev="8">
<attrib name="value" value="1"/></item>
<item name="DOA1" rev="8">
<attrib name="value" value="1"/></item>
<item name="DOA10" rev="8">
<attrib name="value" value="1"/></item>
<item name="DOA11" rev="8">
<attrib name="value" value="1"/></item>
<item name="DOA12" rev="8">
<attrib name="value" value="1"/></item>
<item name="DOA13" rev="8">
<attrib name="value" value="1"/></item>
<item name="DOA14" rev="8">
<attrib name="value" value="1"/></item>
<item name="DOA15" rev="8">
<attrib name="value" value="1"/></item>
<item name="DOA16" rev="8">
<attrib name="value" value="1"/></item>
<item name="DOA17" rev="8">
<attrib name="value" value="1"/></item>
<item name="DOA18" rev="8">
<attrib name="value" value="1"/></item>
<item name="DOA19" rev="8">
<attrib name="value" value="1"/></item>
<item name="DOA2" rev="8">
<attrib name="value" value="1"/></item>
<item name="DOA20" rev="8">
<attrib name="value" value="1"/></item>
<item name="DOA21" rev="8">
<attrib name="value" value="1"/></item>
<item name="DOA22" rev="8">
<attrib name="value" value="1"/></item>
<item name="DOA23" rev="8">
<attrib name="value" value="1"/></item>
<item name="DOA24" rev="8">
<attrib name="value" value="1"/></item>
<item name="DOA25" rev="8">
<attrib name="value" value="1"/></item>
<item name="DOA26" rev="8">
<attrib name="value" value="1"/></item>
<item name="DOA27" rev="8">
<attrib name="value" value="1"/></item>
<item name="DOA28" rev="8">
<attrib name="value" value="1"/></item>
<item name="DOA29" rev="8">
<attrib name="value" value="1"/></item>
<item name="DOA3" rev="8">
<attrib name="value" value="1"/></item>
<item name="DOA30" rev="8">
<attrib name="value" value="1"/></item>
<item name="DOA31" rev="8">
<attrib name="value" value="1"/></item>
<item name="DOA4" rev="8">
<attrib name="value" value="1"/></item>
<item name="DOA5" rev="8">
<attrib name="value" value="1"/></item>
<item name="DOA6" rev="8">
<attrib name="value" value="1"/></item>
<item name="DOA7" rev="8">
<attrib name="value" value="1"/></item>
<item name="DOA8" rev="8">
<attrib name="value" value="1"/></item>
<item name="DOA9" rev="8">
<attrib name="value" value="1"/></item>
<item name="DOB0" rev="8">
<attrib name="value" value="1"/></item>
<item name="DOB1" rev="8">
<attrib name="value" value="1"/></item>
<item name="DOB2" rev="8">
<attrib name="value" value="1"/></item>
<item name="DOB3" rev="8">
<attrib name="value" value="1"/></item>
<item name="DOB4" rev="8">
<attrib name="value" value="1"/></item>
<item name="DOB5" rev="8">
<attrib name="value" value="1"/></item>
<item name="DOB6" rev="8">
<attrib name="value" value="1"/></item>
<item name="DOB7" rev="8">
<attrib name="value" value="1"/></item>
<item name="ENA" rev="8">
<attrib name="value" value="2"/></item>
<item name="ENB" rev="8">
<attrib name="value" value="1"/></item>
<item name="SSRA" rev="8">
<attrib name="value" value="2"/></item>
<item name="SSRB" rev="8">
<attrib name="value" value="1"/></item>
<item name="WEA" rev="8">
<attrib name="value" value="2"/></item>
<item name="WEB" rev="8">
<attrib name="value" value="1"/></item>
</group>
<group name="RAMB16_RAMB16">
<item name="ADDRA" rev="8">
<attrib name="value" value="2"/></item>
<item name="ADDRB" rev="8">
<attrib name="value" value="1"/></item>
<item name="DIA" rev="8">
<attrib name="value" value="2"/></item>
<item name="DIB" rev="8">
<attrib name="value" value="1"/></item>
<item name="DOA" rev="8">
<attrib name="value" value="2"/></item>
<item name="DOB" rev="8">
<attrib name="value" value="1"/></item>
</group>
<group name="IOB_OUTBUF">
<item name="IN" rev="8">
<attrib name="value" value="106"/></item>
<item name="OUT" rev="8">
<attrib name="value" value="106"/></item>
<item name="TRI" rev="8">
<attrib name="value" value="36"/></item>
</group>
<group name="MULT18X18_BLACKBOX">
<item name="A0" rev="8">
<attrib name="value" value="4"/></item>
<item name="A1" rev="8">
<attrib name="value" value="4"/></item>
<item name="A10" rev="8">
<attrib name="value" value="4"/></item>
<item name="A11" rev="8">
<attrib name="value" value="4"/></item>
<item name="A12" rev="8">
<attrib name="value" value="4"/></item>
<item name="A13" rev="8">
<attrib name="value" value="4"/></item>
<item name="A14" rev="8">
<attrib name="value" value="4"/></item>
<item name="A15" rev="8">
<attrib name="value" value="4"/></item>
<item name="A16" rev="8">
<attrib name="value" value="4"/></item>
<item name="A17" rev="8">
<attrib name="value" value="4"/></item>
<item name="A2" rev="8">
<attrib name="value" value="4"/></item>
<item name="A3" rev="8">
<attrib name="value" value="4"/></item>
<item name="A4" rev="8">
<attrib name="value" value="4"/></item>
<item name="A5" rev="8">
<attrib name="value" value="4"/></item>
<item name="A6" rev="8">
<attrib name="value" value="4"/></item>
<item name="A7" rev="8">
<attrib name="value" value="4"/></item>
<item name="A8" rev="8">
<attrib name="value" value="4"/></item>
<item name="A9" rev="8">
<attrib name="value" value="4"/></item>
<item name="B0" rev="8">
<attrib name="value" value="4"/></item>
<item name="B1" rev="8">
<attrib name="value" value="4"/></item>
<item name="B10" rev="8">
<attrib name="value" value="4"/></item>
<item name="B11" rev="8">
<attrib name="value" value="4"/></item>
<item name="B12" rev="8">
<attrib name="value" value="4"/></item>
<item name="B13" rev="8">
<attrib name="value" value="4"/></item>
<item name="B14" rev="8">
<attrib name="value" value="4"/></item>
<item name="B15" rev="8">
<attrib name="value" value="4"/></item>
<item name="B16" rev="8">
<attrib name="value" value="4"/></item>
<item name="B17" rev="8">
<attrib name="value" value="4"/></item>
<item name="B2" rev="8">
<attrib name="value" value="4"/></item>
<item name="B3" rev="8">
<attrib name="value" value="4"/></item>
<item name="B4" rev="8">
<attrib name="value" value="4"/></item>
<item name="B5" rev="8">
<attrib name="value" value="4"/></item>
<item name="B6" rev="8">
<attrib name="value" value="4"/></item>
<item name="B7" rev="8">
<attrib name="value" value="4"/></item>
<item name="B8" rev="8">
<attrib name="value" value="4"/></item>
<item name="B9" rev="8">
<attrib name="value" value="4"/></item>
<item name="P0" rev="8">
<attrib name="value" value="4"/></item>
<item name="P1" rev="8">
<attrib name="value" value="4"/></item>
<item name="P10" rev="8">
<attrib name="value" value="4"/></item>
<item name="P11" rev="8">
<attrib name="value" value="4"/></item>
<item name="P12" rev="8">
<attrib name="value" value="4"/></item>
<item name="P13" rev="8">
<attrib name="value" value="4"/></item>
<item name="P14" rev="8">
<attrib name="value" value="4"/></item>
<item name="P15" rev="8">
<attrib name="value" value="4"/></item>
<item name="P16" rev="8">
<attrib name="value" value="4"/></item>
<item name="P17" rev="8">
<attrib name="value" value="4"/></item>
<item name="P18" rev="8">
<attrib name="value" value="4"/></item>
<item name="P19" rev="8">
<attrib name="value" value="2"/></item>
<item name="P2" rev="8">
<attrib name="value" value="4"/></item>
<item name="P20" rev="8">
<attrib name="value" value="1"/></item>
<item name="P21" rev="8">
<attrib name="value" value="1"/></item>
<item name="P22" rev="8">
<attrib name="value" value="1"/></item>
<item name="P23" rev="8">
<attrib name="value" value="1"/></item>
<item name="P24" rev="8">
<attrib name="value" value="1"/></item>
<item name="P3" rev="8">
<attrib name="value" value="4"/></item>
<item name="P4" rev="8">
<attrib name="value" value="4"/></item>
<item name="P5" rev="8">
<attrib name="value" value="4"/></item>
<item name="P6" rev="8">
<attrib name="value" value="4"/></item>
<item name="P7" rev="8">
<attrib name="value" value="4"/></item>
<item name="P8" rev="8">
<attrib name="value" value="4"/></item>
<item name="P9" rev="8">
<attrib name="value" value="4"/></item>
</group>
<group name="SLICEL_CYMUXF">
<item name="0" rev="8">
<attrib name="value" value="496"/></item>
<item name="1" rev="8">
<attrib name="value" value="503"/></item>
<item name="OUT" rev="8">
<attrib name="value" value="503"/></item>
<item name="S0" rev="8">
<attrib name="value" value="503"/></item>
</group>
<group name="SLICEL_CYMUXG">
<item name="0" rev="8">
<attrib name="value" value="481"/></item>
<item name="1" rev="8">
<attrib name="value" value="488"/></item>
<item name="OUT" rev="8">
<attrib name="value" value="488"/></item>
<item name="S0" rev="8">
<attrib name="value" value="488"/></item>
</group>
<group name="BUFGMUX_GCLKMUX">
<item name="I0" rev="8">
<attrib name="value" value="2"/></item>
<item name="OUT" rev="8">
<attrib name="value" value="2"/></item>
<item name="S" rev="8">
<attrib name="value" value="2"/></item>
</group>
<group name="SLICEL_C1VDD">
<item name="1" rev="8">
<attrib name="value" value="39"/></item>
</group>
<group name="SLICEL_VDDF">
<item name="1" rev="8">
<attrib name="value" value="7"/></item>
</group>
<group name="SLICEL_VDDG">
<item name="1" rev="8">
<attrib name="value" value="7"/></item>
</group>
<group name="MULT18X18">
<item name="A0" rev="8">
<attrib name="value" value="4"/></item>
<item name="A1" rev="8">
<attrib name="value" value="4"/></item>
<item name="A10" rev="8">
<attrib name="value" value="4"/></item>
<item name="A11" rev="8">
<attrib name="value" value="4"/></item>
<item name="A12" rev="8">
<attrib name="value" value="4"/></item>
<item name="A13" rev="8">
<attrib name="value" value="4"/></item>
<item name="A14" rev="8">
<attrib name="value" value="4"/></item>
<item name="A15" rev="8">
<attrib name="value" value="4"/></item>
<item name="A16" rev="8">
<attrib name="value" value="4"/></item>
<item name="A17" rev="8">
<attrib name="value" value="4"/></item>
<item name="A2" rev="8">
<attrib name="value" value="4"/></item>
<item name="A3" rev="8">
<attrib name="value" value="4"/></item>
<item name="A4" rev="8">
<attrib name="value" value="4"/></item>
<item name="A5" rev="8">
<attrib name="value" value="4"/></item>
<item name="A6" rev="8">
<attrib name="value" value="4"/></item>
<item name="A7" rev="8">
<attrib name="value" value="4"/></item>
<item name="A8" rev="8">
<attrib name="value" value="4"/></item>
<item name="A9" rev="8">
<attrib name="value" value="4"/></item>
<item name="B0" rev="8">
<attrib name="value" value="4"/></item>
<item name="B1" rev="8">
<attrib name="value" value="4"/></item>
<item name="B10" rev="8">
<attrib name="value" value="4"/></item>
<item name="B11" rev="8">
<attrib name="value" value="4"/></item>
<item name="B12" rev="8">
<attrib name="value" value="4"/></item>
<item name="B13" rev="8">
<attrib name="value" value="4"/></item>
<item name="B14" rev="8">
<attrib name="value" value="4"/></item>
<item name="B15" rev="8">
<attrib name="value" value="4"/></item>
<item name="B16" rev="8">
<attrib name="value" value="4"/></item>
<item name="B17" rev="8">
<attrib name="value" value="4"/></item>
<item name="B2" rev="8">
<attrib name="value" value="4"/></item>
<item name="B3" rev="8">
<attrib name="value" value="4"/></item>
<item name="B4" rev="8">
<attrib name="value" value="4"/></item>
<item name="B5" rev="8">
<attrib name="value" value="4"/></item>
<item name="B6" rev="8">
<attrib name="value" value="4"/></item>
<item name="B7" rev="8">
<attrib name="value" value="4"/></item>
<item name="B8" rev="8">
<attrib name="value" value="4"/></item>
<item name="B9" rev="8">
<attrib name="value" value="4"/></item>
<item name="P0" rev="8">
<attrib name="value" value="4"/></item>
<item name="P1" rev="8">
<attrib name="value" value="4"/></item>
<item name="P10" rev="8">
<attrib name="value" value="4"/></item>
<item name="P11" rev="8">
<attrib name="value" value="4"/></item>
<item name="P12" rev="8">
<attrib name="value" value="4"/></item>
<item name="P13" rev="8">
<attrib name="value" value="4"/></item>
<item name="P14" rev="8">
<attrib name="value" value="4"/></item>
<item name="P15" rev="8">
<attrib name="value" value="4"/></item>
<item name="P16" rev="8">
<attrib name="value" value="4"/></item>
<item name="P17" rev="8">
<attrib name="value" value="4"/></item>
<item name="P18" rev="8">
<attrib name="value" value="4"/></item>
<item name="P19" rev="8">
<attrib name="value" value="2"/></item>
<item name="P2" rev="8">
<attrib name="value" value="4"/></item>
<item name="P20" rev="8">
<attrib name="value" value="1"/></item>
<item name="P21" rev="8">
<attrib name="value" value="1"/></item>
<item name="P22" rev="8">
<attrib name="value" value="1"/></item>
<item name="P23" rev="8">
<attrib name="value" value="1"/></item>
<item name="P24" rev="8">
<attrib name="value" value="1"/></item>
<item name="P3" rev="8">
<attrib name="value" value="4"/></item>
<item name="P4" rev="8">
<attrib name="value" value="4"/></item>
<item name="P5" rev="8">
<attrib name="value" value="4"/></item>
<item name="P6" rev="8">
<attrib name="value" value="4"/></item>
<item name="P7" rev="8">
<attrib name="value" value="4"/></item>
<item name="P8" rev="8">
<attrib name="value" value="4"/></item>
<item name="P9" rev="8">
<attrib name="value" value="4"/></item>
</group>
<group name="IOB_INBUF">
<item name="IN" rev="8">
<attrib name="value" value="50"/></item>
<item name="OUT" rev="8">
<attrib name="value" value="50"/></item>
</group>
<group name="SLICEL_FFX">
<item name="CE" rev="8">
<attrib name="value" value="174"/></item>
<item name="CK" rev="8">
<attrib name="value" value="1169"/></item>
<item name="D" rev="8">
<attrib name="value" value="1169"/></item>
<item name="Q" rev="8">
<attrib name="value" value="1169"/></item>
<item name="REV" rev="8">
<attrib name="value" value="8"/></item>
<item name="SR" rev="8">
<attrib name="value" value="1082"/></item>
</group>
<group name="SLICEL_XORF">
<item name="0" rev="8">
<attrib name="value" value="491"/></item>
<item name="1" rev="8">
<attrib name="value" value="491"/></item>
<item name="O" rev="8">
<attrib name="value" value="491"/></item>
</group>
<group name="SLICEL_FFY">
<item name="CE" rev="8">
<attrib name="value" value="132"/></item>
<item name="CK" rev="8">
<attrib name="value" value="1032"/></item>
<item name="D" rev="8">
<attrib name="value" value="1032"/></item>
<item name="Q" rev="8">
<attrib name="value" value="1032"/></item>
<item name="SR" rev="8">
<attrib name="value" value="976"/></item>
</group>
<group name="SLICEL_XORG">
<item name="0" rev="8">
<attrib name="value" value="459"/></item>
<item name="1" rev="8">
<attrib name="value" value="459"/></item>
<item name="O" rev="8">
<attrib name="value" value="459"/></item>
</group>
<group name="SLICEL_GAND">
<item name="0" rev="8">
<attrib name="value" value="9"/></item>
<item name="1" rev="8">
<attrib name="value" value="9"/></item>
<item name="O" rev="8">
<attrib name="value" value="9"/></item>
</group>
<group name="RAMB16_RAMB16A">
<item name="ADDRA" rev="8">
<attrib name="value" value="2"/></item>
<item name="ADDRA10" rev="8">
<attrib name="value" value="2"/></item>
<item name="ADDRA11" rev="8">
<attrib name="value" value="2"/></item>
<item name="ADDRA12" rev="8">
<attrib name="value" value="2"/></item>
<item name="ADDRA13" rev="8">
<attrib name="value" value="2"/></item>
<item name="ADDRA3" rev="8">
<attrib name="value" value="1"/></item>
<item name="ADDRA4" rev="8">
<attrib name="value" value="1"/></item>
<item name="ADDRA5" rev="8">
<attrib name="value" value="2"/></item>
<item name="ADDRA6" rev="8">
<attrib name="value" value="2"/></item>
<item name="ADDRA7" rev="8">
<attrib name="value" value="2"/></item>
<item name="ADDRA8" rev="8">
<attrib name="value" value="2"/></item>
<item name="ADDRA9" rev="8">
<attrib name="value" value="2"/></item>
<item name="CLKA" rev="8">
<attrib name="value" value="2"/></item>
<item name="DIA" rev="8">
<attrib name="value" value="2"/></item>
<item name="DIA0" rev="8">
<attrib name="value" value="2"/></item>
<item name="DIA1" rev="8">
<attrib name="value" value="2"/></item>
<item name="DIA10" rev="8">
<attrib name="value" value="1"/></item>
<item name="DIA11" rev="8">
<attrib name="value" value="1"/></item>
<item name="DIA12" rev="8">
<attrib name="value" value="1"/></item>
<item name="DIA13" rev="8">
<attrib name="value" value="1"/></item>
<item name="DIA14" rev="8">
<attrib name="value" value="1"/></item>
<item name="DIA15" rev="8">
<attrib name="value" value="1"/></item>
<item name="DIA16" rev="8">
<attrib name="value" value="1"/></item>
<item name="DIA17" rev="8">
<attrib name="value" value="1"/></item>
<item name="DIA18" rev="8">
<attrib name="value" value="1"/></item>
<item name="DIA19" rev="8">
<attrib name="value" value="1"/></item>
<item name="DIA2" rev="8">
<attrib name="value" value="2"/></item>
<item name="DIA20" rev="8">
<attrib name="value" value="1"/></item>
<item name="DIA21" rev="8">
<attrib name="value" value="1"/></item>
<item name="DIA22" rev="8">
<attrib name="value" value="1"/></item>
<item name="DIA23" rev="8">
<attrib name="value" value="1"/></item>
<item name="DIA24" rev="8">
<attrib name="value" value="1"/></item>
<item name="DIA25" rev="8">
<attrib name="value" value="1"/></item>
<item name="DIA26" rev="8">
<attrib name="value" value="1"/></item>
<item name="DIA27" rev="8">
<attrib name="value" value="1"/></item>
<item name="DIA28" rev="8">
<attrib name="value" value="1"/></item>
<item name="DIA29" rev="8">
<attrib name="value" value="1"/></item>
<item name="DIA3" rev="8">
<attrib name="value" value="2"/></item>
<item name="DIA30" rev="8">
<attrib name="value" value="1"/></item>
<item name="DIA31" rev="8">
<attrib name="value" value="1"/></item>
<item name="DIA4" rev="8">
<attrib name="value" value="2"/></item>
<item name="DIA5" rev="8">
<attrib name="value" value="2"/></item>
<item name="DIA6" rev="8">
<attrib name="value" value="2"/></item>
<item name="DIA7" rev="8">
<attrib name="value" value="2"/></item>
<item name="DIA8" rev="8">
<attrib name="value" value="1"/></item>
<item name="DIA9" rev="8">
<attrib name="value" value="1"/></item>
<item name="DIPA0" rev="8">
<attrib name="value" value="2"/></item>
<item name="DIPA1" rev="8">
<attrib name="value" value="1"/></item>
<item name="DIPA2" rev="8">
<attrib name="value" value="1"/></item>
<item name="DIPA3" rev="8">
<attrib name="value" value="1"/></item>
<item name="DOA" rev="8">
<attrib name="value" value="2"/></item>
<item name="DOA0" rev="8">
<attrib name="value" value="1"/></item>
<item name="DOA1" rev="8">
<attrib name="value" value="1"/></item>
<item name="DOA10" rev="8">
<attrib name="value" value="1"/></item>
<item name="DOA11" rev="8">
<attrib name="value" value="1"/></item>
<item name="DOA12" rev="8">
<attrib name="value" value="1"/></item>
<item name="DOA13" rev="8">
<attrib name="value" value="1"/></item>
<item name="DOA14" rev="8">
<attrib name="value" value="1"/></item>
<item name="DOA15" rev="8">
<attrib name="value" value="1"/></item>
<item name="DOA16" rev="8">
<attrib name="value" value="1"/></item>
<item name="DOA17" rev="8">
<attrib name="value" value="1"/></item>
<item name="DOA18" rev="8">
<attrib name="value" value="1"/></item>
<item name="DOA19" rev="8">
<attrib name="value" value="1"/></item>
<item name="DOA2" rev="8">
<attrib name="value" value="1"/></item>
<item name="DOA20" rev="8">
<attrib name="value" value="1"/></item>
<item name="DOA21" rev="8">
<attrib name="value" value="1"/></item>
<item name="DOA22" rev="8">
<attrib name="value" value="1"/></item>
<item name="DOA23" rev="8">
<attrib name="value" value="1"/></item>
<item name="DOA24" rev="8">
<attrib name="value" value="1"/></item>
<item name="DOA25" rev="8">
<attrib name="value" value="1"/></item>
<item name="DOA26" rev="8">
<attrib name="value" value="1"/></item>
<item name="DOA27" rev="8">
<attrib name="value" value="1"/></item>
<item name="DOA28" rev="8">
<attrib name="value" value="1"/></item>
<item name="DOA29" rev="8">
<attrib name="value" value="1"/></item>
<item name="DOA3" rev="8">
<attrib name="value" value="1"/></item>
<item name="DOA30" rev="8">
<attrib name="value" value="1"/></item>
<item name="DOA31" rev="8">
<attrib name="value" value="1"/></item>
<item name="DOA4" rev="8">
<attrib name="value" value="1"/></item>
<item name="DOA5" rev="8">
<attrib name="value" value="1"/></item>
<item name="DOA6" rev="8">
<attrib name="value" value="1"/></item>
<item name="DOA7" rev="8">
<attrib name="value" value="1"/></item>
<item name="DOA8" rev="8">
<attrib name="value" value="1"/></item>
<item name="DOA9" rev="8">
<attrib name="value" value="1"/></item>
<item name="ENA" rev="8">
<attrib name="value" value="2"/></item>
<item name="SSRA" rev="8">
<attrib name="value" value="2"/></item>
<item name="WEA" rev="8">
<attrib name="value" value="2"/></item>
</group>
<group name="SLICEL_F6MUX">
<item name="0" rev="8">
<attrib name="value" value="2"/></item>
<item name="1" rev="8">
<attrib name="value" value="2"/></item>
<item name="OUT" rev="8">
<attrib name="value" value="2"/></item>
<item name="S0" rev="8">
<attrib name="value" value="2"/></item>
</group>
<group name="RAMB16_RAMB16B">
<item name="ADDRB" rev="8">
<attrib name="value" value="1"/></item>
<item name="ADDRB10" rev="8">
<attrib name="value" value="1"/></item>
<item name="ADDRB11" rev="8">
<attrib name="value" value="1"/></item>
<item name="ADDRB12" rev="8">
<attrib name="value" value="1"/></item>
<item name="ADDRB13" rev="8">
<attrib name="value" value="1"/></item>
<item name="ADDRB3" rev="8">
<attrib name="value" value="1"/></item>
<item name="ADDRB4" rev="8">
<attrib name="value" value="1"/></item>
<item name="ADDRB5" rev="8">
<attrib name="value" value="1"/></item>
<item name="ADDRB6" rev="8">
<attrib name="value" value="1"/></item>
<item name="ADDRB7" rev="8">
<attrib name="value" value="1"/></item>
<item name="ADDRB8" rev="8">
<attrib name="value" value="1"/></item>
<item name="ADDRB9" rev="8">
<attrib name="value" value="1"/></item>
<item name="CLKB" rev="8">
<attrib name="value" value="1"/></item>
<item name="DIB" rev="8">
<attrib name="value" value="1"/></item>
<item name="DOB" rev="8">
<attrib name="value" value="1"/></item>
<item name="DOB0" rev="8">
<attrib name="value" value="1"/></item>
<item name="DOB1" rev="8">
<attrib name="value" value="1"/></item>
<item name="DOB2" rev="8">
<attrib name="value" value="1"/></item>
<item name="DOB3" rev="8">
<attrib name="value" value="1"/></item>
<item name="DOB4" rev="8">
<attrib name="value" value="1"/></item>
<item name="DOB5" rev="8">
<attrib name="value" value="1"/></item>
<item name="DOB6" rev="8">
<attrib name="value" value="1"/></item>
<item name="DOB7" rev="8">
<attrib name="value" value="1"/></item>
<item name="ENB" rev="8">
<attrib name="value" value="1"/></item>
<item name="SSRB" rev="8">
<attrib name="value" value="1"/></item>
<item name="WEB" rev="8">
<attrib name="value" value="1"/></item>
</group>
<group name="IOB_PAD">
<item name="PAD" rev="8">
<attrib name="value" value="124"/></item>
</group>
<group name="IOB">
<item name="I" rev="8">
<attrib name="value" value="50"/></item>
<item name="O1" rev="8">
<attrib name="value" value="106"/></item>
<item name="PAD" rev="8">
<attrib name="value" value="124"/></item>
<item name="T1" rev="8">
<attrib name="value" value="36"/></item>
</group>
<group name="BUFGMUX">
<item name="I0" rev="8">
<attrib name="value" value="2"/></item>
<item name="O" rev="8">
<attrib name="value" value="2"/></item>
<item name="S" rev="8">
<attrib name="value" value="2"/></item>
</group>
<group name="SLICEL_FAND">
<item name="0" rev="8">
<attrib name="value" value="11"/></item>
<item name="1" rev="8">
<attrib name="value" value="11"/></item>
<item name="O" rev="8">
<attrib name="value" value="11"/></item>
</group>
<group name="SLICEL_C2VDD">
<item name="1" rev="8">
<attrib name="value" value="29"/></item>
</group>
<group name="BUFGMUX_GCLK_BUFFER">
<item name="IN" rev="8">
<attrib name="value" value="2"/></item>
<item name="OUT" rev="8">
<attrib name="value" value="2"/></item>
</group>
<group name="SLICEL_F">
<item name="A1" rev="8">
<attrib name="value" value="1243"/></item>
<item name="A2" rev="8">
<attrib name="value" value="1129"/></item>
<item name="A3" rev="8">
<attrib name="value" value="782"/></item>
<item name="A4" rev="8">
<attrib name="value" value="487"/></item>
<item name="D" rev="8">
<attrib name="value" value="1263"/></item>
</group>
<group name="SLICEL_F5MUX">
<item name="F" rev="8">
<attrib name="value" value="128"/></item>
<item name="G" rev="8">
<attrib name="value" value="128"/></item>
<item name="OUT" rev="8">
<attrib name="value" value="128"/></item>
<item name="S0" rev="8">
<attrib name="value" value="128"/></item>
</group>
<group name="SLICEL_G">
<item name="A1" rev="8">
<attrib name="value" value="1202"/></item>
<item name="A2" rev="8">
<attrib name="value" value="1088"/></item>
<item name="A3" rev="8">
<attrib name="value" value="747"/></item>
<item name="A4" rev="8">
<attrib name="value" value="435"/></item>
<item name="D" rev="8">
<attrib name="value" value="1223"/></item>
</group>
<group name="SLICEL_GNDF">
<item name="0" rev="8">
<attrib name="value" value="112"/></item>
</group>
<group name="SLICEL_GNDG">
<item name="0" rev="8">
<attrib name="value" value="111"/></item>
</group>
</ReportPinData>
<CmdHistory>
</CmdHistory>
</DeviceUsageSummary>
