<?xml version="1.0" encoding="UTF-8" ?>
<document>
<!--The data in this file is primarily intended for consumption by Xilinx tools.
The structure and the elements are likely to change over the next few releases.
This means code written to parse this file will need to be revisited each subsequent release.-->
<application name="pn" timeStamp="Fri Jul 13 19:17:56 2012">
<section name="Project Information" visible="false">
<property name="ProjectID" value="2A37AF23729E45AC82A5DA2AC7E50D7F" type="project"/>
<property name="ProjectIteration" value="4" type="project"/>
<property name="ProjectFile" value="D:/working paper/TTL/program/JS/JS.xise" type="project"/>
<property name="ProjectCreationTimestamp" value="2012-05-20T16:07:21" type="project"/>
</section>
<section name="Project Statistics" visible="true">
<property name="PROP_CompxlibOutputDir" value="changed" type="process"/>
<property name="PROP_Enable_Message_Filtering" value="false" type="design"/>
<property name="PROP_FitterReportFormat" value="HTML" type="process"/>
<property name="PROP_ManualCompileOrderImp" value="false" type="design"/>
<property name="PROP_PropSpecInProjFile" value="Store all values" type="design"/>
<property name="PROP_Simulator" value="ISim (VHDL/Verilog)" type="design"/>
<property name="PROP_SynthTopFile" value="changed" type="process"/>
<property name="PROP_Top_Level_Module_Type" value="HDL" type="design"/>
<property name="PROP_UseSmartGuide" value="false" type="design"/>
<property name="PROP_UserConstraintEditorPreference" value="Constraints Editor" type="process"/>
<property name="PROP_intProjectCreationTimestamp" value="2012-05-20T16:07:21" type="design"/>
<property name="PROP_intWbtProjectID" value="2A37AF23729E45AC82A5DA2AC7E50D7F" type="design"/>
<property name="PROP_intWbtProjectIteration" value="4" type="process"/>
<property name="PROP_intWorkingDirLocWRTProjDir" value="Same" type="design"/>
<property name="PROP_intWorkingDirUsed" value="No" type="design"/>
<property name="PROP_AutoTop" value="true" type="design"/>
<property name="PROP_DevFamily" value="Spartan3" type="design"/>
<property name="PROP_CompxlibSimPath" value="changed" type="process"/>
<property name="PROP_DevDevice" value="xc3s2000" type="design"/>
<property name="PROP_DevFamilyPMName" value="spartan3" type="design"/>
<property name="PROP_DevPackage" value="fg676" type="design"/>
<property name="PROP_Synthesis_Tool" value="XST (VHDL/Verilog)" type="design"/>
<property name="PROP_DevSpeed" value="-4" type="design"/>
<property name="PROP_PreferredLanguage" value="Verilog" type="design"/>
<property name="FILE_COREGEN" value="4" type="source"/>
<property name="FILE_UCF" value="1" type="source"/>
<property name="FILE_VERILOG" value="24" type="source"/>
<property name="FILE_XAW" value="2" type="source"/>
</section>
</application>
</document>
