<?xml version="1.0"?>
<Interface Version="1" Minor="1">
	<Ifc Id="ROOT" Top="1">
		<Bus Id="sram2_Db">
			<Port Id="15" Dir="INOUT"/>
			<Port Id="14" Dir="INOUT"/>
			<Port Id="13" Dir="INOUT"/>
			<Port Id="12" Dir="INOUT"/>
			<Port Id="11" Dir="INOUT"/>
			<Port Id="10" Dir="INOUT"/>
			<Port Id="9" Dir="INOUT"/>
			<Port Id="8" Dir="INOUT"/>
			<Port Id="7" Dir="INOUT"/>
			<Port Id="6" Dir="INOUT"/>
			<Port Id="5" Dir="INOUT"/>
			<Port Id="4" Dir="INOUT"/>
			<Port Id="3" Dir="INOUT"/>
			<Port Id="2" Dir="INOUT"/>
			<Port Id="1" Dir="INOUT"/>
			<Port Id="0" Dir="INOUT"/>
		</Bus>
		<Bus Id="sram4_Db">
			<Port Id="15" Dir="INOUT"/>
			<Port Id="14" Dir="INOUT"/>
			<Port Id="13" Dir="INOUT"/>
			<Port Id="12" Dir="INOUT"/>
			<Port Id="11" Dir="INOUT"/>
			<Port Id="10" Dir="INOUT"/>
			<Port Id="9" Dir="INOUT"/>
			<Port Id="8" Dir="INOUT"/>
			<Port Id="7" Dir="INOUT"/>
			<Port Id="6" Dir="INOUT"/>
			<Port Id="5" Dir="INOUT"/>
			<Port Id="4" Dir="INOUT"/>
			<Port Id="3" Dir="INOUT"/>
			<Port Id="2" Dir="INOUT"/>
			<Port Id="1" Dir="INOUT"/>
			<Port Id="0" Dir="INOUT"/>
		</Bus>
		<Bus Id="sram1_Db">
			<Port Id="15" Dir="INOUT"/>
			<Port Id="14" Dir="INOUT"/>
			<Port Id="13" Dir="INOUT"/>
			<Port Id="12" Dir="INOUT"/>
			<Port Id="11" Dir="INOUT"/>
			<Port Id="10" Dir="INOUT"/>
			<Port Id="9" Dir="INOUT"/>
			<Port Id="8" Dir="INOUT"/>
			<Port Id="7" Dir="INOUT"/>
			<Port Id="6" Dir="INOUT"/>
			<Port Id="5" Dir="INOUT"/>
			<Port Id="4" Dir="INOUT"/>
			<Port Id="3" Dir="INOUT"/>
			<Port Id="2" Dir="INOUT"/>
			<Port Id="1" Dir="INOUT"/>
			<Port Id="0" Dir="INOUT"/>
		</Bus>
		<Bus Id="sram3_Db">
			<Port Id="15" Dir="INOUT"/>
			<Port Id="14" Dir="INOUT"/>
			<Port Id="13" Dir="INOUT"/>
			<Port Id="12" Dir="INOUT"/>
			<Port Id="11" Dir="INOUT"/>
			<Port Id="10" Dir="INOUT"/>
			<Port Id="9" Dir="INOUT"/>
			<Port Id="8" Dir="INOUT"/>
			<Port Id="7" Dir="INOUT"/>
			<Port Id="6" Dir="INOUT"/>
			<Port Id="5" Dir="INOUT"/>
			<Port Id="4" Dir="INOUT"/>
			<Port Id="3" Dir="INOUT"/>
			<Port Id="2" Dir="INOUT"/>
			<Port Id="1" Dir="INOUT"/>
			<Port Id="0" Dir="INOUT"/>
		</Bus>
		<Bus Id="DA">
			<Port Id="7" Dir="OUT"/>
			<Port Id="6" Dir="OUT"/>
			<Port Id="5" Dir="OUT"/>
			<Port Id="4" Dir="OUT"/>
			<Port Id="3" Dir="OUT"/>
			<Port Id="2" Dir="OUT"/>
			<Port Id="1" Dir="OUT"/>
			<Port Id="0" Dir="OUT"/>
		</Bus>
		<Bus Id="sram4_Ab">
			<Port Id="19" Dir="OUT"/>
			<Port Id="18" Dir="OUT"/>
			<Port Id="17" Dir="OUT"/>
			<Port Id="16" Dir="OUT"/>
			<Port Id="15" Dir="OUT"/>
			<Port Id="14" Dir="OUT"/>
			<Port Id="13" Dir="OUT"/>
			<Port Id="12" Dir="OUT"/>
			<Port Id="11" Dir="OUT"/>
			<Port Id="10" Dir="OUT"/>
			<Port Id="9" Dir="OUT"/>
			<Port Id="8" Dir="OUT"/>
			<Port Id="7" Dir="OUT"/>
			<Port Id="6" Dir="OUT"/>
			<Port Id="5" Dir="OUT"/>
			<Port Id="4" Dir="OUT"/>
			<Port Id="3" Dir="OUT"/>
			<Port Id="2" Dir="OUT"/>
			<Port Id="1" Dir="OUT"/>
			<Port Id="0" Dir="OUT"/>
		</Bus>
		<Bus Id="sram1_Ab">
			<Port Id="19" Dir="OUT"/>
			<Port Id="18" Dir="OUT"/>
			<Port Id="17" Dir="OUT"/>
			<Port Id="16" Dir="OUT"/>
			<Port Id="15" Dir="OUT"/>
			<Port Id="14" Dir="OUT"/>
			<Port Id="13" Dir="OUT"/>
			<Port Id="12" Dir="OUT"/>
			<Port Id="11" Dir="OUT"/>
			<Port Id="10" Dir="OUT"/>
			<Port Id="9" Dir="OUT"/>
			<Port Id="8" Dir="OUT"/>
			<Port Id="7" Dir="OUT"/>
			<Port Id="6" Dir="OUT"/>
			<Port Id="5" Dir="OUT"/>
			<Port Id="4" Dir="OUT"/>
			<Port Id="3" Dir="OUT"/>
			<Port Id="2" Dir="OUT"/>
			<Port Id="1" Dir="OUT"/>
			<Port Id="0" Dir="OUT"/>
		</Bus>
		<Bus Id="sram3_Ab">
			<Port Id="19" Dir="OUT"/>
			<Port Id="18" Dir="OUT"/>
			<Port Id="17" Dir="OUT"/>
			<Port Id="16" Dir="OUT"/>
			<Port Id="15" Dir="OUT"/>
			<Port Id="14" Dir="OUT"/>
			<Port Id="13" Dir="OUT"/>
			<Port Id="12" Dir="OUT"/>
			<Port Id="11" Dir="OUT"/>
			<Port Id="10" Dir="OUT"/>
			<Port Id="9" Dir="OUT"/>
			<Port Id="8" Dir="OUT"/>
			<Port Id="7" Dir="OUT"/>
			<Port Id="6" Dir="OUT"/>
			<Port Id="5" Dir="OUT"/>
			<Port Id="4" Dir="OUT"/>
			<Port Id="3" Dir="OUT"/>
			<Port Id="2" Dir="OUT"/>
			<Port Id="1" Dir="OUT"/>
			<Port Id="0" Dir="OUT"/>
		</Bus>
		<Bus Id="sram2_Ab">
			<Port Id="19" Dir="OUT"/>
			<Port Id="18" Dir="OUT"/>
			<Port Id="17" Dir="OUT"/>
			<Port Id="16" Dir="OUT"/>
			<Port Id="15" Dir="OUT"/>
			<Port Id="14" Dir="OUT"/>
			<Port Id="13" Dir="OUT"/>
			<Port Id="12" Dir="OUT"/>
			<Port Id="11" Dir="OUT"/>
			<Port Id="10" Dir="OUT"/>
			<Port Id="9" Dir="OUT"/>
			<Port Id="8" Dir="OUT"/>
			<Port Id="7" Dir="OUT"/>
			<Port Id="6" Dir="OUT"/>
			<Port Id="5" Dir="OUT"/>
			<Port Id="4" Dir="OUT"/>
			<Port Id="3" Dir="OUT"/>
			<Port Id="2" Dir="OUT"/>
			<Port Id="1" Dir="OUT"/>
			<Port Id="0" Dir="OUT"/>
		</Bus>
		<Bus Id="AD1">
			<Port Id="7" Dir="IN"/>
			<Port Id="6" Dir="IN"/>
			<Port Id="5" Dir="IN"/>
			<Port Id="4" Dir="IN"/>
			<Port Id="3" Dir="IN"/>
			<Port Id="2" Dir="IN"/>
			<Port Id="1" Dir="IN"/>
			<Port Id="0" Dir="IN"/>
		</Bus>
		<Port Id="ADV7179_TTXREQ" Dir="OUT"/>
		<Port Id="ADV7179_VS" Dir="OUT"/>
		<Port Id="ADV7179_RST" Dir="OUT"/>
		<Port Id="ADV7180_LLC" Dir="IN"/>
		<Port Id="ADV7179_P" Dir="IN"/>
		<Port Id="ADV7180_RST" Dir="OUT"/>
		<Port Id="sram3_we" Dir="OUT"/>
		<Port Id="rst" Dir="IN"/>
		<Port Id="sram2_LB" Dir="OUT"/>
		<Port Id="sram4_ce" Dir="OUT"/>
		<Port Id="sram2_oe" Dir="OUT"/>
		<Port Id="sram1_ce" Dir="OUT"/>
		<Port Id="ADV7179_TTX" Dir="OUT"/>
		<Port Id="sram2_UB" Dir="OUT"/>
		<Port Id="sram2_we" Dir="OUT"/>
		<Port Id="ADV7179_BLANK" Dir="OUT"/>
		<Port Id="sram1_LB" Dir="OUT"/>
		<Port Id="ADV7180_P" Dir="IN"/>
		<Port Id="sram4_oe" Dir="OUT"/>
		<Port Id="sram3_ce" Dir="OUT"/>
		<Port Id="sram1_oe" Dir="OUT"/>
		<Port Id="ADV7179_HS" Dir="OUT"/>
		<Port Id="ADV7179_SDA" Dir="OUT"/>
		<Port Id="ADV7179_SCL" Dir="OUT"/>
		<Port Id="ADV7180_SDA" Dir="OUT"/>
		<Port Id="ADV7179_SCRESET" Dir="OUT"/>
		<Port Id="ADV7180_SCL" Dir="OUT"/>
		<Port Id="sram1_UB" Dir="OUT"/>
		<Port Id="sram4_we" Dir="OUT"/>
		<Port Id="sram1_we" Dir="OUT"/>
		<Port Id="ADV7179_CLK" Dir="OUT"/>
		<Port Id="ADV7180_PWDOWN" Dir="OUT"/>
		<Port Id="clk_59m" Dir="IN"/>
		<Port Id="sram3_oe" Dir="OUT"/>
		<Port Id="sram2_ce" Dir="OUT"/>
	</Ifc>
</Interface>

